{
  "meta": {
    "case": "practice_02_epidemic_timing",
    "model": "deterministic SIR-ODE + step intervention (3_model.md)",
    "solver": {
      "method": "LSODA",
      "rtol": 1e-09,
      "atol": 1e-09,
      "max_step": 0.5,
      "t_end": 600.0,
      "tau_breakpoint_split": true,
      "peak_locate": "fine grid 240001 + parabolic refine",
      "final_size": "long integration vs brentq final-size eqn",
      "tau_star": "brentq root of g(tau,c)=0 (monotone in tau)"
    },
    "params": {
      "N": 1000000.0,
      "I0": 10.0,
      "gamma": 0.16666666666666666,
      "Rrepro": 3.0,
      "beta0": 0.5,
      "h_frac": 0.08,
      "h_abs": 80000.0
    },
    "randomness": "none (fully deterministic)",
    "versions": {
      "python": "3.11.15",
      "numpy": "2.4.6",
      "scipy": "1.17.1",
      "matplotlib": "3.11.0",
      "platform": "Linux-6.18.5-x86_64-with-glibc2.39"
    }
  },
  "Q1": {
    "Rrepro": 3.0,
    "Rrepro_check_beta_over_gamma": 3.0,
    "beta0": 0.5,
    "gamma": 0.16666666666666666,
    "linear_growth_rate_per_day": 0.33333333333333337,
    "Imax": 300465.90332178236,
    "Imax_frac": 0.30046590332178236,
    "Imax_analytic_frac": 0.30046257044396346,
    "Imax_analytic": 300462.57044396346,
    "t_peak_days": 36.84817712770128,
    "S_at_peak": 333333.3403441089,
    "S_anchor_N_over_Rrepro": 333333.3333333333,
    "S_at_peak_rel_err": 2.1032326680142433e-08,
    "final_size_z_numeric": 0.9404805152816469,
    "final_size_z_equation": 0.9404797907073595,
    "final_size_abs_diff": 7.245742873474015e-07,
    "I_at_t_end": 2.0766761327850654e-28,
    "conservation_max_abs_err": 1.5133991837501526e-09,
    "h_capacity_abs": 80000.0,
    "Imax_over_h": 3.7558237915222796
  },
  "Q2": {
    "c_star_threshold": 0.6666666666666667,
    "c_baseline": 0.6,
    "h_capacity_abs": 80000.0,
    "R_e_after_intervention": {
      "0.40": 1.7999999999999998,
      "0.50": 1.5,
      "0.60": 1.2000000000000002,
      "0.70": 0.9000000000000001
    },
    "tau_star_by_c": {
      "0.40": {
        "tau_star": null,
        "status": "infeasible_at_0",
        "R_e": 1.7999999999999998
      },
      "0.50": {
        "tau_star": 24.505772821618955,
        "status": "feasible_interval",
        "R_e": 1.5
      },
      "0.60": {
        "tau_star": 27.515705321883647,
        "status": "feasible_interval",
        "R_e": 1.2000000000000002
      },
      "0.70": {
        "tau_star": 27.56840882812899,
        "status": "feasible_interval",
        "R_e": 0.9000000000000001
      }
    },
    "tau_star_baseline_c06": 27.515705321883647,
    "tau_star_baseline_c06_20pct_margin": 26.596443092578678,
    "tau_star_baseline_margin_status": "feasible_interval",
    "monotonicity_P_vs_tau_c06": {
      "min_diff": -9.028008207678795e-08,
      "is_monotone_nondecreasing": true,
      "P_at_tau0": 14740.369380038153,
      "P_at_tau60": 300465.90332175785
    },
    "infeasible_at_day0_examples": [
      {
        "c": 0.1,
        "P0_minus_h": 181762.30633090387,
        "P0": 261762.30633090387
      },
      {
        "c": 0.2,
        "P0_minus_h": 138558.8595868814,
        "P0": 218558.8595868814
      },
      {
        "c": 0.3,
        "P0_minus_h": 90510.78827122995,
        "P0": 170510.78827122995
      },
      {
        "c": 0.35,
        "P0_minus_h": 64708.01408021449,
        "P0": 144708.0140802145
      },
      {
        "c": 0.4,
        "P0_minus_h": 37901.85285852883,
        "P0": 117901.85285852883
      }
    ]
  },
  "Q3": {
    "tau_star_nominal_c06": 27.515705321883647,
    "tau_star_vs_Rrepro_c06": {
      "2.50": {
        "tau_star": 36.98538022221714,
        "status": "feasible_interval"
      },
      "2.75": {
        "tau_star": 31.58587358095645,
        "status": "feasible_interval"
      },
      "3.00": {
        "tau_star": 27.515705321883647,
        "status": "feasible_interval"
      },
      "3.25": {
        "tau_star": 24.06660777614122,
        "status": "feasible_interval"
      },
      "3.50": {
        "tau_star": 20.922764947770375,
        "status": "feasible_interval"
      }
    },
    "tau_star_vs_infectious_period_c06": {
      "period_5d": {
        "gamma": 0.2,
        "tau_star": 22.92974836081092,
        "status": "feasible_interval"
      },
      "period_5.5d": {
        "gamma": 0.18181818181818182,
        "tau_star": 25.222750975855,
        "status": "feasible_interval"
      },
      "period_6d": {
        "gamma": 0.16666666666666666,
        "tau_star": 27.515705321883647,
        "status": "feasible_interval"
      },
      "period_6.5d": {
        "gamma": 0.15384615384615385,
        "tau_star": 29.808693524307966,
        "status": "feasible_interval"
      },
      "period_7d": {
        "gamma": 0.14285714285714285,
        "tau_star": 32.10166829456634,
        "status": "feasible_interval"
      }
    },
    "tau_star_vs_h_c06": {
      "0.06": {
        "h_abs": 60000.0,
        "tau_star": 26.323684678566668,
        "status": "feasible_interval"
      },
      "0.07": {
        "h_abs": 70000.0,
        "tau_star": 26.9694236996423,
        "status": "feasible_interval"
      },
      "0.08": {
        "h_abs": 80000.0,
        "tau_star": 27.515705321883647,
        "status": "feasible_interval"
      },
      "0.09": {
        "h_abs": 90000.0,
        "tau_star": 27.99112903271431,
        "status": "feasible_interval"
      },
      "0.10": {
        "h_abs": 100000.0,
        "tau_star": 28.413566839249242,
        "status": "feasible_interval"
      }
    },
    "tau_star_vs_c": {
      "0.40": {
        "tau_star": null,
        "status": "infeasible_at_0"
      },
      "0.45": {
        "tau_star": null,
        "status": "infeasible_at_0"
      },
      "0.50": {
        "tau_star": 24.505772821618955,
        "status": "feasible_interval"
      },
      "0.55": {
        "tau_star": 26.822080597359133,
        "status": "feasible_interval"
      },
      "0.60": {
        "tau_star": 27.515705321883647,
        "status": "feasible_interval"
      },
      "0.65": {
        "tau_star": 27.568410609854006,
        "status": "feasible_interval"
      },
      "0.70": {
        "tau_star": 27.56840882812899,
        "status": "feasible_interval"
      }
    },
    "elasticity_tau_star": {
      "Rrepro": -1.6120758761670528,
      "c": 0.12006052536762676,
      "h": 0.14747661173309728,
      "gamma": -1.0004136495948608
    },
    "robust_tierA_param_box_fullc": {
      "corners": [
        {
          "Rrepro": 2.5,
          "gamma": 0.14285714285714285,
          "c_eff": 0.6,
          "tau_star": 43.14960817764545,
          "status": "feasible_interval"
        },
        {
          "Rrepro": 2.5,
          "gamma": 0.2,
          "c_eff": 0.6,
          "tau_star": 30.821149054831512,
          "status": "feasible_interval"
        },
        {
          "Rrepro": 3.5,
          "gamma": 0.14285714285714285,
          "c_eff": 0.6,
          "tau_star": 24.40988259936873,
          "status": "feasible_interval"
        },
        {
          "Rrepro": 3.5,
          "gamma": 0.2,
          "c_eff": 0.6,
          "tau_star": 17.435637161332203,
          "status": "feasible_interval"
        }
      ],
      "tau_star_robust": 17.435637161332203,
      "status": "feasible_all_corners",
      "lead_time_days": 10.080068160551445
    },
    "robust_tierB_param_plus_adherence": {
      "corners": [
        {
          "Rrepro": 2.5,
          "gamma": 0.14285714285714285,
          "c_eff": 0.42,
          "tau_star": 40.431655146230405,
          "status": "feasible_interval"
        },
        {
          "Rrepro": 2.5,
          "gamma": 0.14285714285714285,
          "c_eff": 0.6,
          "tau_star": 43.14960817764545,
          "status": "feasible_interval"
        },
        {
          "Rrepro": 2.5,
          "gamma": 0.2,
          "c_eff": 0.42,
          "tau_star": 28.879735127894282,